{"cameraMode":{"drawMode":0,"name":"Shaded","section":"Shading Mode"},"sceneLighting":false,"audioPlay":false,"sceneViewState":{"m_AlwaysRefresh":false,"showFog":true,"showSkybox":false,"showFlares":true,"showImageEffects":true,"showParticleSystems":true,"showVisualEffectGraphs":true,"m_FxEnabled":true},"in2DMode":false,"pivot":{"x":8.169310569763184,"y":0.3892834186553955,"z":18.814224243164064},"rotation":{"x":0.13347050547599793,"y":-0.22245624661445619,"z":0.030752578750252725,"w":0.965295672416687},"size":5.588620662689209,"orthographic":false}