{"cameraMode":{"drawMode":0,"name":"Shaded","section":"Shading Mode"},"sceneLighting":true,"audioPlay":false,"sceneViewState":{"m_AlwaysRefresh":false,"showFog":true,"showSkybox":true,"showFlares":true,"showImageEffects":true,"showParticleSystems":true,"showVisualEffectGraphs":true,"m_FxEnabled":true},"in2DMode":false,"pivot":{"x":0.618344247341156,"y":6.224029064178467,"z":139.75531005859376},"rotation":{"x":0.27238866686820986,"y":-0.05250312387943268,"z":0.014887484721839428,"w":0.9606376886367798},"size":11.335081100463868,"orthographic":false}